CREATE database PROGRAM4;
USE PROGRAM4;
CREATE TABLE STUDENT (
USN VARCHAR (10) PRIMARY KEY,
SNAME VARCHAR (20),
ADDRESS VARCHAR (20),
PHONE INT(10),
GENDER CHAR (1));

CREATE TABLE SEMSEC (
SSID VARCHAR (5) PRIMARY KEY,
SEM INT (2),
SEC CHAR (1));

CREATE TABLE CLASS (
USN VARCHAR (10),
SSID VARCHAR (5),
PRIMARY KEY (USN, SSID),
FOREIGN KEY (USN) REFERENCES STUDENT (USN),
FOREIGN KEY (SSID) REFERENCES SEMSEC (SSID));

CREATE TABLE SUBJECT (
SUBCODE VARCHAR (8),
TITLE VARCHAR (20),
SEM INT (2),
CREDITS INT (2),
PRIMARY KEY (SUBCODE));

CREATE TABLE IAMARKS (
USN VARCHAR (10),
SUBCODE VARCHAR (8),
SSID VARCHAR (5),
TEST1 INT(2),
TEST2 INT(2),
TEST3 INT(2),
FINALIA INT(2),
PRIMARY KEY (USN, SUBCODE, SSID),
FOREIGN KEY (USN) REFERENCES STUDENT (USN),
FOREIGN KEY (SUBCODE) REFERENCES SUBJECT (SUBCODE),
FOREIGN KEY (SSID) REFERENCES SEMSEC (SSID));

DESC IAMARKS;

INSERT INTO STUDENT VALUES ('1RN13CS020','AKSHAY','BELAGAVI', 8877881122,'M');
INSERT INTO STUDENT VALUES ('1RN13CS062','SANDHYA','BENGALURU', 772282992,'F');
INSERT INTO STUDENT VALUES ('1RN13CS091','TEESHA','BENGALURU', 771231231,'F');
INSERT INTO STUDENT VALUES ('1RN13CS066','SUPRIYA','MANGALURU', 887788112,'F');
INSERT INTO STUDENT VALUES ('1RN14CS010','ABHAY','BENGALURU', 990021101,'M');

ALTER TABLE STUDENT MODIFY PHONE VARCHAR(10);

INSERT INTO SEMSEC VALUES ('CSE8A', 8,'A');
INSERT INTO SEMSEC VALUES ('CSE8B', 8,'B');
INSERT INTO SEMSEC VALUES ('CSE8C', 8,'C');
INSERT INTO SEMSEC VALUES ('CSE7A', 7,'A');
INSERT INTO SEMSEC VALUES ('CSE7B', 7,'B');

SELECT * FROM SEMSEC;
SELECT * FROM STUDENT;

INSERT INTO CLASS VALUES ('1RN13CS020','CSE8A');
INSERT INTO CLASS VALUES ('1RN13CS062','CSE8A');
INSERT INTO CLASS VALUES ('1RN13CS066','CSE8B');
INSERT INTO CLASS VALUES ('1RN13CS091','CSE8C');
INSERT INTO CLASS VALUES ('1RN14CS010','CSE7A');

SELECT * FROM CLASS;

INSERT INTO SUBJECT VALUES ('10CS81','ACA', 8, 4);
INSERT INTO SUBJECT VALUES ('10CS82','SSM', 8, 4);
INSERT INTO SUBJECT VALUES ('10CS83','NM', 8, 4);
INSERT INTO SUBJECT VALUES ('10CS84','CC', 8, 4);
INSERT INTO SUBJECT VALUES ('10CS85','PW', 8, 4);

INSERT INTO IAMARKS VALUES ('1RN13CS091','10CS81','CSE8C', 15, 16, 0, 0);
INSERT INTO IAMARKS VALUES ('1RN13CS091','10CS82','CSE8C', 12, 19, 14, 0);
INSERT INTO IAMARKS VALUES ('1RN13CS091','10CS83','CSE8C', 19, 15, 20, 0);
INSERT INTO IAMARKS VALUES ('1RN13CS091','10CS84','CSE8C', 20, 16, 19, 0);
INSERT INTO IAMARKS VALUES ('1RN13CS091','10CS85','CSE8C', 15, 15, 12, 0);

SELECT * FROM SUBJECT;
SELECT * FROM IAMARKS;

/* 1. List all the student details studying in fourth semester 'C’ section. */
SELECT S.*, SS.SEM, SS.SEC
FROM STUDENT S, SEMSEC SS, CLASS C
WHERE S.USN = C.USN AND
	SS.SSID = C.SSID AND
	SS.SEM = 4 AND
	SS.Sec='C';

/* 2. Compute the total number of male and female students in each semester and in each section. */

SELECT SS.SEM, SS.SEC, S.GENDER, COUNT(S.GENDER)
FROM STUDENT S, SEMSEC SS, CLASS C
WHERE S.USN = C.USN AND
	SS.SSID = C.SSID
GROUP BY SS.SEM, SS.SEC, S.GENDER
ORDER BY SEM;

/* 3. Create a view of Test1 marks of student USN ‘1BI15CS101’ in all subjects. */

CREATE VIEW STU_TEST1_MARKS_VIEW AS
SELECT TEST1, SUBCODE
FROM IAMARKS
WHERE USN = '1RN13CS091';

SELECT * from STU_TEST1_MARKS_VIEW;


UPDATE IAMARKS SET FINALIA= (GREATEST(TEST1+TEST2,TEST2+TEST3,TEST1+TEST3)/2)  where USN = '1RN13CS091';
select * from IAMARKS;

SELECT S.USN,S.SNAME,S.ADDRESS,S.PHONE,S.GENDER,SUB.SUBCODE,IA.FINALIA,
 (CASE
 WHEN IA.FINALIA BETWEEN 17 AND 20 THEN 'OUTSTANDING'
 WHEN IA.FINALIA BETWEEN 12 AND 16 THEN 'AVERAGE'
 ELSE 'WEAK'
 END) AS CAT
FROM STUDENT S, SEMSEC SS, IAMARKS IA, SUBJECT SUB
WHERE S.USN = IA.USN AND
	SS.SSID = IA.SSID AND
	SUB.SUBCODE = IA.SUBCODE AND
	SUB.SEM = 8;

